{"0.3608605762178059":{"id":4},"0.9156623077860422":{"id":1},"0.7700177866790305":{"id":4}}